<?xml version="1.0" encoding="UTF-8"?>
<project-private xmlns="http://www.netbeans.org/ns/project-private/1">
    <editor-bookmarks xmlns="http://www.netbeans.org/ns/editor-bookmarks/1"/>
    <editor-bookmarks xmlns="http://www.netbeans.org/ns/editor-bookmarks/2" lastBookmarkId="0"/>
    <open-files xmlns="http://www.netbeans.org/ns/projectui-open-files/2">
        <group>
            <file>file:/C:/Users/Kiran/Documents/NetBeansProjects/visitor%20pass%20system/src/NewJFrame3GUI.java</file>
            <file>file:/C:/Users/Kiran/Documents/NetBeansProjects/visitor%20pass%20system/src/nee4.java</file>
            <file>file:/C:/Users/Kiran/Documents/NetBeansProjects/visitor%20pass%20system/src/LogOut.java</file>
            <file>file:/C:/Users/Kiran/Documents/NetBeansProjects/visitor%20pass%20system/src/nLogin.java</file>
            <file>file:/C:/Users/Kiran/Documents/NetBeansProjects/visitor%20pass%20system/src/checkinlist.java</file>
            <file>file:/C:/Users/Kiran/Documents/NetBeansProjects/visitor%20pass%20system/src/generatepass.java</file>
        </group>
    </open-files>
</project-private>
